"community_ID";"community_long_ID";"community_name";"electoral_district";"electoral_district_ID";"population";"eligible_voters_2011";"voters_2011";"turnout_2011";"green_percent_2011";"proportion_male";"proportion_female";"proportion_german";"proportion_under18";"proportion_18to64";"proportion_over65";"assignment_pair";"treatment_indicator_Z";"eligible_voters_2016";"voters_2016";"turnout_2016";"green_percent_2016";"CDU_percent_2016";"AfD_percent_2016";"district_CDU_percent_2011";"district_SPD_percent_2011";"district_green_percent_2011";"district_FDP_percent_2011";"district_incumbent_green";"district_closeness_2011";"CDU_percent_2011";"SPD_percent_2011";"green_percent_2011_1";"FDP_percent_2011";"community_closeness";"total_treatment_households";"complier_percent";"complier_households";"non-complier_households"
8116006;"08116006 Altenriet";"Altenriet";"Nuertingen";"09 Nürtingen";1904;1406;1067;0,7588904694;0,2417374882;0,5005252101;0,5;0,9322478992;0,218487395;0,6281512605;0,1538865546;10;0;1406;1128;0,8022759602;0,3288770053;0,234402852;0,1818181818;0,3970774455;0,2213319587;0,2568217219;0,0464493428;0;0,1402557235;0,4296506138;0,1916902738;0,2417374882;0,0415486308;0,1879131256;855;0,698245614;597;258
8116043;"08116043 Neidlingen";"Neidlingen";"Kirchheim";"08 Kirchheim";1800;1352;1028;0,7603550296;0,1822660099;0,4927777778;0,5072222222;0,9355555556;0,1966666667;0,6127777778;0,1905555556;9;1;1361;1054;0,7744305658;0,2861271676;0,3314065511;0,1078998073;0,3856259025;0,2352285134;0,2325635999;0,0597316303;0;0,1503973891;0,4630541872;0,1743842365;0,1822660099;0,0837438424;0,2807881773;912;0,7971491228;727;185
8116053;"08116053 Ohmden";"Ohmden";"Kirchheim";"08 Kirchheim";1702;1329;1024;0,7705041384;0,2119402985;0,5111633373;0,4888366627;0,9453584019;0,1897767333;0,6180963572;0,1921269095;9;0;1339;1060;0,7916355489;0,3276026743;0,2636103152;0,1489971347;0,3856259025;0,2352285134;0,2325635999;0,0597316303;0;0,1503973891;0,3850746269;0,2348258706;0,2119402985;0,0875621891;0,1502487562;824;0,7839805825;646;178
8116063;"08116063 Schlaitdorf";"Schlaitdorf";"Nuertingen";"09 Nürtingen";1797;1348;1043;0,7737388724;0,2475728155;0,4908180301;0,509738453;0,9538119087;0,2120200334;0,6494156928;0,1391207568;10;1;1399;1140;0,8148677627;0,3430592396;0,2475685234;0,1547303271;0,3970774455;0,2213319587;0,2568217219;0,0464493428;0;0,1402557235;0,4291262136;0,2029126214;0,2475728155;0,032038835;0,1815533981;861;0,6527293844;562;299
8117009;"08117009 Birenbach";"Birenbach";"Goeppingen";"10 Göppingen";1907;1498;1105;0,7376502003;0,1998166819;0,492920818;0,507079182;0,9459884636;0,1693759832;0,6313581542;0,1992658626;22;1;1495;1104;0,7384615385;0,2727272727;0,2451790634;0,1910009183;0,380258768;0,2641061112;0,2204084954;0,046561966;0;0,1161526568;0,3675527039;0,2988084326;0,1998166819;0,0430797434;0,0687442713;935;0,7721925134;722;213
8117011;"08117011 Börtlingen";"Börtlingen";"Goeppingen";"10 Göppingen";1740;1365;1050;0,7692307692;0,2278846154;0,4971264368;0,5028735632;0,9603448276;0,1787356322;0,5988505747;0,2224137931;22;0;1327;1050;0,7912584778;0,3217726397;0,2668593449;0,1387283237;0,380258768;0,2641061112;0,2204084954;0,046561966;0;0,1161526568;0,4096153846;0,2471153846;0,2278846154;0,0384615385;0,1625;800;0,7675;614;186
8125084;"08125084 Roigheim";"Roigheim";"Neckarsulm";"20 Neckarsulm";1374;1007;662;0,6573982125;0,1622874807;0,5167394469;0,4832605531;0,9199417758;0,2016011645;0,6200873362;0,1783114993;20;1;982;692;0,7046843177;0,2168850073;0,3013100437;0,1892285298;0,4070453886;0,2588378427;0,1909416433;0,0466190154;0;0,1482075459;0,4466769706;0,2612055641;0,1622874807;0,0309119011;0,1854714065;649;0,8382126348;544;105
8125103;"08125103 Widdern, Stadt";"Widdern, Stadt";"Neckarsulm";"20 Neckarsulm";1822;1317;836;0,6347760061;0,2086851628;0,5032930845;0,4967069155;0,9297475302;0,214050494;0,617453348;0,1684961581;20;0;1336;911;0,6818862275;0,2552719201;0,2663706992;0,1831298557;0,4070453886;0,2588378427;0,1909416433;0,0466190154;0;0,1482075459;0,4149577805;0,2388419783;0,2086851628;0,0470446321;0,1761158022;791;0,9216182048;729;62
8126094;"08126094 Zweiflingen";"Zweiflingen";"Hohenlohe";"21 Hohenlohe";1616;1246;879;0,7054574639;0,2190034762;0,5055693069;0,4931930693;0,9727722772;0,2091584158;0,6027227723;0,1868811881;23;0;1343;943;0,7021593448;0,2730192719;0,2933618844;0,1937901499;0,4071813977;0,2204843268;0,1972636177;0,0778680627;0;0,1866970709;0,4414831981;0,1633835458;0,2190034762;0,0741599073;0,2224797219;688;0,8880813953;611;77
8127047;"08127047 Langenburg, Stadt";"Langenburg, Stadt";"Hohenlohe";"21 Hohenlohe";1745;1400;1016;0,7257142857;0,2121513944;0,5071633238;0,4928366762;0,9673352436;0,1747851003;0,5931232092;0,2320916905;23;1;1412;1071;0,7584985836;0,2823193916;0,2794676806;0,1340304183;0,4071813977;0,2204843268;0,1972636177;0,0778680627;0;0,1866970709;0,3256972112;0,2689243028;0,2121513944;0,078685259;0,0567729084;1095;0,6666666667;730;365
8136003;"08136003 Adelmannsfelden";"Adelmannsfelden";"Aalen";"26 Aalen";1793;1377;971;0,7051561365;0,1901260504;0,491912995;0,5075292805;0,9860568879;0,2197434467;0,6084774122;0,1712214166;1;0;1380;1079;0,781884058;0,2754435107;0,3557422969;0,1363211951;0,4636089824;0,2241793435;0,1837152261;0,0336523187;0;0,2394296389;0,4474789916;0,237394958;0,1901260504;0,0325630252;0,2100840336;843;0,6381969158;538;305
8136018;"08136018 Ellenberg";"Ellenberg";"Aalen";"26 Aalen";1657;1324;912;0,6888217523;0,1471910112;0,5021122511;0,4984912492;0,9788774894;0,1913095957;0,6481593241;0,1611345806;11;1;1348;1043;0,7737388724;0,2093476144;0,4547224927;0,164556962;0,4636089824;0,2241793435;0,1837152261;0,0336523187;0;0,2394296389;0,591011236;0,1325842697;0,1471910112;0,0359550562;0,4438202247;784;0,950255102;745;39
8136020;"08136020 Eschach";"Eschach";"Schwaebisch Gmuend";"25 Schwäbisch Gmünd";1763;1386;904;0,6522366522;0,1858108108;0,5019852524;0,4985819626;0,9897901305;0,2098695406;0,6313102666;0,1593874078;5;1;1416;957;0,6758474576;0,2318229715;0,3034773446;0,1685985248;0,4393379468;0,243532853;0,1884711422;0,0388528216;0;0,1958050938;0,4335585586;0,2184684685;0,1858108108;0,0686936937;0,2150900901;846;0,8676122931;734;112
8136037;"08136037 Kirchheim am Ries";"Kirchheim am Ries";"Aalen";"26 Aalen";1889;1430;970;0,6783216783;0,1666666667;0,5002646903;0,4992059291;0,9782953944;0,2223398624;0,6130227634;0,1641079936;1;1;1431;1013;0,7078965758;0,183;0,436;0,146;0,4636089824;0,2241793435;0,1837152261;0,0336523187;0;0,2394296389;0,5398322851;0,1897274633;0,1666666667;0,034591195;0,3501048218;756;0,9510582011;719;37
8136061;"08136061 Ruppertshofen";"Ruppertshofen";"Schwaebisch Gmuend";"25 Schwäbisch Gmünd";1834;1399;867;0,6197283774;0,1929411765;0,5130861505;0,4869138495;0,9765539804;0,2126499455;0,6466739368;0,1406761178;5;0;1420;986;0,6943661972;0,2366255144;0,2561728395;0,2088477366;0,4393379468;0,243532853;0,1884711422;0,0388528216;0;0,1958050938;0,4011764706;0,2305882353;0,1929411765;0,0458823529;0,1705882353;855;0,7614035088;651;204
8136068;"08136068 Stödtlen";"Stödtlen";"Aalen";"26 Aalen";1923;1482;973;0,6565452092;0,1306165099;0,5007800312;0,4992199688;0,9849193968;0,2074882995;0,6235049402;0,1690067603;11;0;1478;1024;0,6928281461;0,201183432;0,5029585799;0,1193293886;0,4636089824;0,2241793435;0,1837152261;0,0336523187;0;0,2394296389;0,5705329154;0,1870428422;0,1306165099;0,0250783699;0,3834900731;763;0,8885976409;678;85
8226058;"08226058 Neidenstein";"Neidenstein";"Sinsheim";"41 Sinsheim";1835;1385;995;0,7184115523;0,2037037037;0,4942779292;0,5057220708;0,9613079019;0,2049046322;0,6207084469;0,174386921;24;1;1391;1059;0,7613227894;0,2332695985;0,2705544933;0,1826003824;0,3827996975;0,2530095802;0,2299571411;0,0424177486;0;0,1297901172;0,371399177;0,2818930041;0,2037037037;0,0380658436;0,0895061728;912;0,7971491228;727;185
8226086;"08226086 Spechbach";"Spechbach";"Sinsheim";"41 Sinsheim";1767;1341;919;0,6853094705;0,2176339286;0,4923599321;0,5076400679;0,9264289757;0,1714770798;0,6253537068;0,2031692134;24;0;1300;984;0,7569230769;0,2584963955;0,2677651905;0,184346035;0,3827996975;0,2530095802;0,2299571411;0,0424177486;0;0,1297901172;0,3415178571;0,2756696429;0,2176339286;0,0613839286;0,0658482143;826;0,8886198547;734;92
8315003;"08315003 Au";"Au";"Breisgau";"48 Breisgau";1398;1055;815;0,7725118483;0,3925925926;0,4949928469;0,5035765379;0,9656652361;0,2160228898;0,6151645207;0,1673819742;12;1;1059;886;0,8366383381;0,391600454;0,2440408627;0,087400681;0,3346887404;0,2400885855;0,3016264885;0,0552086359;0;0,0330622519;0,3148148148;0,1567901235;0,3925925926;0,0691358025;0,0777777778;754;0,7082228117;534;220
8315016;"08315016 Breitnau";"Breitnau";"Freiburg I";"46 Freiburg I";1684;1287;905;0,7031857032;0,2771493213;0,4946555819;0,5053444181;0,9376484561;0,216152019;0,606888361;0,17695962;28;0;1253;944;0,7533918595;0,2824919441;0,3426423201;0,0998925886;0,3260088126;0,219109462;0,3449675325;0,0493506494;1;0,0189587199;0,4253393665;0,1606334842;0,2771493213;0,056561086;0,1481900452;843;0,768683274;648;195
8315037;"08315037 Feldberg (Schwarzwald)";"Feldberg (Schwarzwald)";"Freiburg I";"46 Freiburg I";1724;1314;908;0,6910197869;0,2350332594;0,4883990719;0,5116009281;0,8996519722;0,1490719258;0,6189095128;0,2320185615;6;0;1240;880;0,7096774194;0,2687427912;0,3817762399;0,0853517878;0,3260088126;0,219109462;0,3449675325;0,0493506494;1;0,0189587199;0,4323725055;0,1662971175;0,2350332594;0,0953436807;0,1973392461;1155;0,7012987013;810;345
8315056;"08315056 Horben";"Horben";"Breisgau";"48 Breisgau";1005;773;575;0,74385511;0,3409490334;0,4945273632;0,5034825871;0,9532338308;0,2109452736;0,6059701493;0,1810945274;12;0;835;653;0,7820359281;0,4175654854;0,2326656394;0,1016949153;0,3346887404;0,2400885855;0,3016264885;0,0552086359;0;0,0330622519;0,3620386643;0,2021089631;0,3409490334;0,0421792619;0,0210896309;580;0,824137931;478;102
8316003;"08316003 Biederbach";"Biederbach";"Emmendingen";"49 Emmendingen";1731;1365;754;0,5523809524;0,2169167804;0,5135759676;0,4864240324;0,9896013865;0,2125938764;0,6233391103;0,1640670133;39;1;1381;831;0,6017378711;0,3191747573;0,4004854369;0,1031553398;0,3237317829;0,2482481085;0,3041943838;0,0426547504;0;0,0195373991;0,5675306958;0,139154161;0,2169167804;0,0327421555;0,3506139154;771;0,9559014267;737;34
8316013;"08316013 Forchheim";"Forchheim";"Emmendingen";"49 Emmendingen";1341;1023;617;0,6031280547;0,26306914;0,504847129;0,4958985831;0,9724086503;0,2050708427;0,6413124534;0,1543624161;39;0;1064;762;0,7161654135;0,3067729084;0,2775564409;0,1354581673;0,3237317829;0,2482481085;0,3041943838;0,0426547504;0;0,0195373991;0,3726812816;0,2107925801;0,26306914;0,0556492411;0,1096121417;662;0,9003021148;596;66
8317046;"08317046 Hofstetten";"Hofstetten";"Lahr";"50 Lahr";1695;1286;885;0,6881804044;0,1795166858;0,5126843658;0,4867256637;0,984660767;0,2241887906;0,5982300885;0,1769911504;3;1;1323;976;0,7377173091;0,2598343685;0,4813664596;0,0890269151;0,4142697049;0,2286608143;0,240458847;0,0408261736;0;0,1738108579;0,6029919448;0,1277330265;0,1795166858;0,0494821634;0,4234752589;762;0,9632545932;734;28
8317067;"08317067 Lautenbach";"Lautenbach";"Kehl";"52 Kehl";1882;1498;1021;0,6815754339;0,2073412698;0,5148777896;0,4851222104;0,9776833156;0,1950053135;0,6094580234;0,1955366631;37;1;1491;1065;0,7142857143;0,2834123223;0,3668246445;0,1203791469;0,4532309011;0,1980444755;0,2284725639;0,04841193;0;0,2247583372;0,5515873016;0,1557539683;0,2073412698;0,0367063492;0,3442460317;890;0,9213483146;820;70
8317078;"08317078 Mühlenbach";"Mühlenbach";"Lahr";"50 Lahr";1674;1290;829;0,6426356589;0,1687192118;0,5185185185;0,4808841099;0,972520908;0,2120669056;0,6045400239;0,1827956989;3;0;1299;928;0,714395689;0,2606324973;0,4645583424;0,1035986914;0,4142697049;0,2286608143;0,240458847;0,0408261736;0;0,1738108579;0,60591133;0,1305418719;0,1687192118;0,0480295567;0,4371921182;777;0,972972973;756;21
8317126;"08317126 Seebach";"Seebach";"Kehl";"52 Kehl";1417;1108;761;0,6868231047;0,122311828;0,5144671842;0,4855328158;0,9611856034;0,1940719831;0,6111503176;0,1947776994;37;0;1100;847;0,77;0,229390681;0,449223417;0,1254480287;0,4532309011;0,1980444755;0,2284725639;0,04841193;0;0,2247583372;0,6814516129;0,1129032258;0,122311828;0,0336021505;0,5591397849;625;0,8416;526;99
8327004;"08327004 Bärenthal";"Bärenthal";"Tuttlingen-Donaueschingen";"55 Tuttlingen-Donaueschingen";455;375;256;0,6826666667;0,0833333333;0,5010989011;0,4967032967;0,9846153846;0,1648351648;0,6483516484;0,1846153846;16;1;373;278;0,745308311;0,2608695652;0,4166666667;0,2101449275;0,4634576679;0,2102752437;0,1747523329;0,0695558983;0;0,2531824241;0,6150793651;0,1666666667;0,0833333333;0,0357142857;0,4484126984;225;0,9822222222;221;4
8327006;"08327006 Böttingen";"Böttingen";"Tuttlingen-Donaueschingen";"55 Tuttlingen-Donaueschingen";1474;1088;655;0,6020220588;0,0975232198;0,5074626866;0,4925373134;0,9430122117;0,2204884668;0,6112618725;0,1682496608;29;1;1086;810;0,7458563536;0,1994981179;0,4981179423;0,1543287327;0,4634576679;0,2102752437;0,1747523329;0,0695558983;0;0,2531824241;0,6176470588;0,1284829721;0,0975232198;0,0588235294;0,4891640867;680;0,9338235294;635;45
8327007;"08327007 Bubsheim";"Bubsheim";"Tuttlingen-Donaueschingen";"55 Tuttlingen-Donaueschingen";1157;807;411;0,5092936803;0,0628140704;0,5280898876;0,4701815039;0,9075194468;0,2203975799;0,6430423509;0,1348314607;33;1;808;484;0,599009901;0,18125;0,4833333333;0,1458333333;0,4634576679;0,2102752437;0,1747523329;0,0695558983;0;0,2531824241;0,6859296482;0,0829145729;0,0628140704;0,0326633166;0,6030150754;527;0,9734345351;513;14
8327009;"08327009 Deilingen";"Deilingen";"Tuttlingen-Donaueschingen";"55 Tuttlingen-Donaueschingen";1740;1264;900;0,7120253165;0,1251409245;0,4959770115;0,5045977011;0,9310344828;0,1977011494;0,633908046;0,1689655172;18;0;1246;963;0,7728731942;0,2134595163;0,4973711882;0,1493165089;0,4634576679;0,2102752437;0,1747523329;0,0695558983;0;0,2531824241;0,6369785795;0,122886133;0,1251409245;0,0484780158;0,511837655;825;0,976969697;806;19
8327011;"08327011 Dürbheim";"Dürbheim";"Tuttlingen-Donaueschingen";"55 Tuttlingen-Donaueschingen";1635;1264;880;0,6962025316;0,1502890173;0,4972477064;0,5021406728;0,973088685;0,2097859327;0,6201834862;0,1694189602;36;1;1276;934;0,7319749216;0,2772384035;0,4045307443;0,1326860841;0,4634576679;0,2102752437;0,1747523329;0,0695558983;0;0,2531824241;0,5502890173;0,1341040462;0,1502890173;0,0716763006;0,4;802;0,8042394015;645;157
8327013;"08327013 Egesheim";"Egesheim";"Tuttlingen-Donaueschingen";"55 Tuttlingen-Donaueschingen";641;466;251;0,5386266094;0,0362903226;0,5163806552;0,4820592824;0,9266770671;0,1934477379;0,6599063963;0,1450858034;33;0;453;247;0,5452538631;0,1516393443;0,487704918;0,1885245902;0,4634576679;0,2102752437;0,1747523329;0,0695558983;0;0,2531824241;0,7217741935;0,0766129032;0,0362903226;0,0927419355;0,6290322581;279;0,9713261649;271;8
8327017;"08327017 Frittlingen";"Frittlingen";"Tuttlingen-Donaueschingen";"55 Tuttlingen-Donaueschingen";2075;1488;1066;0,7163978495;0,1849380362;0,5055421687;0,4954216867;0,9171084337;0,2130120482;0,6125301205;0,1754216867;18;1;1473;1081;0,7338764426;0,2481343284;0,4785447761;0,1007462687;0,4634576679;0,2102752437;0,1747523329;0,0695558983;0;0,2531824241;0,5519542421;0,1439466158;0,1849380362;0,0600571973;0,3670162059;918;0,8845315904;812;106
8327023;"08327023 Hausen ob Verena";"Hausen ob Verena";"Tuttlingen-Donaueschingen";"55 Tuttlingen-Donaueschingen";751;600;370;0,6166666667;0,2038567493;0,5126498003;0,4886817577;0,9773635153;0,1864181092;0,6138482024;0,2010652463;26;0;591;459;0,7766497462;0,3092105263;0,3004385965;0,1337719298;0,4634576679;0,2102752437;0,1747523329;0,0695558983;0;0,2531824241;0,3994490358;0,2506887052;0,2038567493;0,0771349862;0,1487603306;358;0,8519553073;305;53
8327029;"08327029 Königsheim";"Königsheim";"Tuttlingen-Donaueschingen";"55 Tuttlingen-Donaueschingen";568;428;262;0,6121495327;0,10546875;0,5088028169;0,4911971831;0,9612676056;0,2165492958;0,6232394366;0,1602112676;29;0;435;307;0,7057471264;0,1928104575;0,5294117647;0,1013071895;0,4634576679;0,2102752437;0,1747523329;0,0695558983;0;0,2531824241;0,671875;0,11328125;0,10546875;0,02734375;0,55859375;263;0,9163498099;241;22
8327030;"08327030 Kolbingen";"Kolbingen";"Tuttlingen-Donaueschingen";"55 Tuttlingen-Donaueschingen";1253;998;756;0,7575150301;0,1017402945;0,4908220271;0,5091779729;0,9872306464;0,1963288109;0,5993615323;0,2043096568;36;0;994;792;0,7967806841;0,2985842986;0,3963963964;0,1145431145;0,4634576679;0,2102752437;0,1747523329;0,0695558983;0;0,2531824241;0,5220883534;0,2396251673;0,1017402945;0,0401606426;0,2824631861;570;0,9578947368;546;24
8327033;"08327033 Mahlstetten";"Mahlstetten";"Tuttlingen-Donaueschingen";"55 Tuttlingen-Donaueschingen";741;613;414;0,6753670473;0,1477832512;0,5114709852;0,4871794872;0,9689608637;0,1430499325;0,649122807;0,2064777328;16;0;619;415;0,6704361874;0,2689486553;0,4009779951;0,1051344743;0,4634576679;0,2102752437;0,1747523329;0,0695558983;0;0,2531824241;0,5123152709;0,1945812808;0,1477832512;0,0344827586;0,3177339901;385;0,761038961;293;92
8327048;"08327048 Talheim";"Talheim";"Tuttlingen-Donaueschingen";"55 Tuttlingen-Donaueschingen";1193;941;615;0,6535600425;0,1746293245;0,5029337804;0,4987426655;0,9765297569;0,1994970662;0,6244761106;0,1777032691;26;1;914;654;0,715536105;0,2748447205;0,3680124224;0,1444099379;0,4634576679;0,2102752437;0,1747523329;0,0695558983;0;0,2531824241;0,4431630972;0,2421746293;0,1746293245;0,0543657331;0,2009884679;572;0,9003496503;515;57
8336004;"08336004 Aitern";"Aitern";"Loerrach";"58 Lörrach";541;411;241;0,5863746959;0,2711864407;0,5009242144;0,5009242144;0,9574861368;0,2014787431;0,6118299445;0,1885397412;25;1;416;244;0,5865384615;0,3083333333;0,3916666667;0,0958333333;0,3178487094;0,2768639904;0,2799853432;0,0486116766;0;0,0378633662;0,4618644068;0,1610169492;0,2711864407;0,0423728814;0,1906779661;219;0,8538812785;187;32
8336024;"08336024 Fischingen";"Fischingen";"Loerrach";"58 Lörrach";689;524;338;0,6450381679;0,2746268657;0,5050798258;0,4978229318;0,9492017417;0,1741654572;0,6328011611;0,1959361393;25;0;559;339;0,6064400716;0,2789317507;0,3145400593;0,0949554896;0,3178487094;0,2768639904;0,2799853432;0,0486116766;0;0,0378633662;0,3940298507;0,2626865672;0,2746268657;0,023880597;0,1194029851;365;0,7452054795;272;93
8336025;"08336025 Fröhnd";"Fröhnd";"Loerrach";"58 Lörrach";482;389;255;0,6555269923;0,1538461538;0,5145228216;0,4854771784;0,9813278008;0,1784232365;0,6369294606;0,1846473029;8;0;372;259;0,6962365591;0,3625498008;0,3505976096;0,1075697211;0,3178487094;0,2768639904;0,2799853432;0,0486116766;0;0,0378633662;0,5425101215;0,1862348178;0,1538461538;0,04048583;0,3562753036;205;0,9756097561;200;5
8336075;"08336075 Schallbach";"Schallbach";"Loerrach";"58 Lörrach";736;567;359;0,6331569665;0,2114285714;0,4850543478;0,5149456522;0,9836956522;0,2092391304;0,6413043478;0,1494565217;4;0;576;384;0,6666666667;0,25;0,35;0,0973684211;0,3178487094;0,2768639904;0,2799853432;0,0486116766;0;0,0378633662;0,3942857143;0,2085714286;0,2114285714;0,0942857143;0,1828571429;344;0,8110465116;279;65
8336096;"08336096 Wieden";"Wieden";"Loerrach";"58 Lörrach";570;453;318;0,701986755;0,1461038961;0,5228070175;0,4771929825;0,9947368421;0,1964912281;0,6245614035;0,1789473684;8;1;446;290;0,6502242152;0,2961672474;0,4668989547;0,0871080139;0,3178487094;0,2768639904;0,2799853432;0,0486116766;0;0,0378633662;0,5714285714;0,1883116883;0,1461038961;0,0357142857;0,3831168831;278;0,845323741;235;43
8336106;"08336106 Häg-Ehrsberg";"Häg-Ehrsberg";"Loerrach";"58 Lörrach";901;691;412;0,5962373372;0,18;0,4927857936;0,5072142064;0,9689234184;0,2075471698;0,6381798002;0,15427303;4;1;687;424;0,6171761281;0,219047619;0,4523809524;0,0928571429;0,3178487094;0,2768639904;0,2799853432;0,0486116766;0;0,0378633662;0,565;0,135;0,18;0,055;0,385;348;0,9568965517;333;15
8337027;"08337027 Dachsberg (Südschwarzwald)";"Dachsberg (Südschwarzwald)";"Freiburg I";"46 Freiburg I";1379;1015;763;0,7517241379;0,2874172185;0,4996374184;0,5010877447;0,9492385787;0,2088469906;0,583031182;0,2088469906;28;1;1003;605;0,6031904287;0,3572621035;0,4257095159;0,0701168614;0,3260088126;0,219109462;0,3449675325;0,0493506494;1;0,0189587199;0,4715231788;0,1589403974;0,2874172185;0,0331125828;0,1841059603;644;0,8276397516;533;111
8337108;"08337108 Todtmoos";"Todtmoos";"Freiburg I";"46 Freiburg I";1896;1441;914;0,6342817488;0,2373453318;0,4915611814;0,5089662447;0,9061181435;0,1555907173;0,6239451477;0,2209915612;6;1;1363;865;0,6346294938;0,3235638921;0,3188745604;0,123094959;0,3260088126;0,219109462;0,3449675325;0,0493506494;1;0,0189587199;0,4465691789;0,1878515186;0,2373453318;0,0539932508;0,209223847;1281;0,7509758002;962;319
8415028;"08415028 Grabenstetten";"Grabenstetten";"Hechingen-Muensingen";"61 Hechingen-Münsingen";1548;1197;700;0,5847953216;0,1618075802;0,5051679587;0,4941860465;0,9605943152;0,1912144703;0,649870801;0,1582687339;13;1;1201;949;0,7901748543;0,2852564103;0,2489316239;0,1848290598;0,4448920038;0,2134234549;0,1885444206;0,0740010974;0;0,2314685489;0,4795918367;0,1749271137;0,1618075802;0,084548105;0,304664723;737;0,803256445;592;145
8415048;"08415048 Mehrstetten";"Mehrstetten";"Hechingen-Muensingen";"61 Hechingen-Münsingen";1332;1061;660;0,6220546654;0,2123076923;0,5157657658;0,4842342342;0,9692192192;0,1801801802;0,6516516517;0,1681681682;13;0;1046;804;0,7686424474;0,2632241814;0,274559194;0,1725440806;0,4448920038;0,2134234549;0,1885444206;0,0740010974;0;0,2314685489;0,42;0,1753846154;0,2123076923;0,1169230769;0,2076923077;570;0,7140350877;407;163
8417014;"08417014 Dautmergen";"Dautmergen";"Balingen";"63 Balingen";406;319;209;0,6551724138;0,1280788177;0,4950738916;0,5049261084;0,960591133;0,184729064;0,6674876847;0,1477832512;31;1;318;204;0,641509434;0,2189054726;0,3830845771;0,2039800995;0,4629000536;0,2394339078;0,1686723789;0,0437084818;0;0,2234661459;0,6108374384;0,1231527094;0,1280788177;0,0443349754;0,4827586207;192;0,78125;150;42
8417029;"08417029 Hausen am Tann";"Hausen am Tann";"Balingen";"63 Balingen";467;363;221;0,608815427;0,1780821918;0,4732334047;0,5267665953;0,9336188437;0,1713062099;0,6509635974;0,1777301927;31;0;367;244;0,6648501362;0,3032786885;0,3401639344;0,2049180328;0,4629000536;0,2394339078;0,1686723789;0,0437084818;0;0,2234661459;0,5296803653;0,1872146119;0,1780821918;0,0273972603;0,3424657534;204;0,9166666667;187;17
8417045;"08417045 Nusplingen";"Nusplingen";"Balingen";"63 Balingen";1829;1453;1024;0,7047487956;0,0753221011;0,4953526517;0,5046473483;0,9650082012;0,18261345;0,6118097321;0,2055768179;27;0;1354;1040;0,7680945347;0,1748792271;0,4859903382;0,1623188406;0,4629000536;0,2394339078;0,1686723789;0,0437084818;0;0,2234661459;0,692765114;0,1189296333;0,0753221011;0,0406342914;0,5738354807;878;0,9658314351;848;30
8417047;"08417047 Obernheim";"Obernheim";"Balingen";"63 Balingen";1450;1109;786;0,7087466186;0,1203104787;0,4931034483;0,5068965517;0,9510344828;0,2006896552;0,604137931;0,1951724138;27;1;1099;836;0,7606915378;0,2119366626;0,371498173;0,2314250914;0,4629000536;0,2394339078;0,1686723789;0,0437084818;0;0,2234661459;0,5614489004;0,1824062096;0,1203104787;0,0388098318;0,3790426908;697;0,9641319943;672;25
8425004;"08425004 Altheim";"Altheim";"Ehingen";"65 Ehingen";593;423;296;0,6997635934;0,0766550523;0,502529511;0,4957841484;0,9426644182;0,2495784148;0,6003372681;0,1483979764;35;1;421;290;0,6888361045;0,2132867133;0,5;0,1328671329;0,5103720777;0,1771634687;0,1922351603;0,0376418116;0;0,3181369174;0,6550522648;0,1428571429;0,0766550523;0,0522648084;0,512195122;222;0,9054054054;201;21
8425005;"08425005 Altheim (Alb)";"Altheim (Alb)";"Ehingen";"65 Ehingen";1734;1330;881;0,662406015;0,1833910035;0,5098039216;0,4901960784;0,967704729;0,2024221453;0,6147635525;0,1828143022;21;1;1312;855;0,6516768293;0,2785714286;0,3523809524;0,1583333333;0,5103720777;0,1771634687;0,1922351603;0,0376418116;0;0,3181369174;0,4855824683;0,1868512111;0,1833910035;0,044982699;0,2987312572;731;0,8166894665;597;134
8425013;"08425013 Ballendorf";"Ballendorf";"Ehingen";"65 Ehingen";656;509;377;0,7406679764;0,1842818428;0,4801829268;0,5213414634;0,9771341463;0,1951219512;0,5807926829;0,2256097561;41;0;520;367;0,7057692308;0,2472527473;0,4450549451;0,1456043956;0,5103720777;0,1771634687;0,1922351603;0,0376418116;0;0,3181369174;0,5718157182;0,1300813008;0,1842818428;0,0514905149;0,3875338753;268;0,7873134328;211;57
8425017;"08425017 Berghülen";"Berghülen";"Ehingen";"65 Ehingen";1921;1456;1069;0,7342032967;0,1758555133;0,5085892764;0,4908901614;0,9656428943;0,2087454451;0,6350858928;0,1556480999;2;1;1449;1122;0,7743271222;0,2977578475;0,3695067265;0,1695067265;0,5103720777;0,1771634687;0,1922351603;0,0376418116;0;0,3181369174;0,5484790875;0,1368821293;0,1758555133;0,0427756654;0,3726235741;843;0,9039145907;762;81
8425036;"08425036 Emerkingen";"Emerkingen";"Ehingen";"65 Ehingen";830;592;414;0,6993243243;0,1417910448;0,5180722892;0,4819277108;0,9674698795;0,2590361446;0,5963855422;0,1445783133;35;0;606;416;0,6864686469;0,1849148418;0,5571776156;0,1192214112;0,5103720777;0,1771634687;0,1922351603;0,0376418116;0;0,3181369174;0,6542288557;0,0945273632;0,1417910448;0,0323383085;0,5124378109;332;0,9608433735;319;13
8425050;"08425050 Griesingen";"Griesingen";"Ehingen";"65 Ehingen";1026;773;493;0,637774903;0,183299389;0,4980506823;0,5019493177;0,9610136452;0,2212475634;0,6539961014;0,1247563353;14;1;759;537;0,7075098814;0,2;0,4672897196;0,1570093458;0,5103720777;0,1771634687;0,1922351603;0,0376418116;0;0,3181369174;0,5682281059;0,1547861507;0,183299389;0,0285132383;0,3849287169;435;0,9379310345;408;27
8425064;"08425064 Hüttisheim";"Hüttisheim";"Ulm";"64 Ulm";1360;1044;646;0,6187739464;0,1543307087;0,4823529412;0,5176470588;0,9595588235;0,1897058824;0,6205882353;0,1897058824;30;1;1084;682;0,6291512915;0,2674591382;0,3907875186;0,1233283804;0,3857039043;0,2391755302;0,2471956134;0,0405892845;0;0,1385082909;0,588976378;0,1748031496;0,1543307087;0,0220472441;0,4141732283;654;0,9051987768;592;62
8425073;"08425073 Lauterach";"Lauterach";"Ehingen";"65 Ehingen";565;425;284;0,6682352941;0,1245551601;0,4991150442;0,5008849558;0,9610619469;0,2230088496;0,6530973451;0,1238938053;14;0;449;312;0,6948775056;0,1791530945;0,4527687296;0,2019543974;0,5103720777;0,1771634687;0,1922351603;0,0376418116;0;0,3181369174;0,6761565836;0,0854092527;0,1245551601;0,0391459075;0,5516014235;265;0,9245283019;245;20
8425079;"08425079 Merklingen";"Merklingen";"Ehingen";"65 Ehingen";1883;1442;875;0,6067961165;0,1781140861;0,4907063197;0,5087626129;0,9707912905;0,2028677642;0,594795539;0,2018056293;21;0;1488;917;0,6162634409;0,3017621145;0,345814978;0,1486784141;0,5103720777;0,1771634687;0,1922351603;0,0376418116;0;0,3181369174;0,5285215367;0,1827706636;0,1781140861;0,0302677532;0,3457508731;952;0,8970588235;854;98
8425083;"08425083 Neenstetten";"Neenstetten";"Ehingen";"65 Ehingen";808;612;414;0,6764705882;0,2249388753;0,4876237624;0,5136138614;0,9826732673;0,2314356436;0,5977722772;0,172029703;41;1;618;426;0,6893203883;0,2853717026;0,3405275779;0,1582733813;0,5103720777;0,1771634687;0,1922351603;0,0376418116;0;0,3181369174;0,5232273839;0,1638141809;0,2249388753;0,0317848411;0,2982885086;335;0,9014925373;302;33
8425084;"08425084 Nellingen";"Nellingen";"Ehingen";"65 Ehingen";1846;1372;968;0,7055393586;0,1692789969;0,5097508126;0,4902491874;0,9653304442;0,22156013;0,627843987;0,150595883;2;0;1439;1121;0,7790132036;0,2680505415;0,4025270758;0,1588447653;0,5103720777;0,1771634687;0,1922351603;0,0376418116;0;0,3181369174;0,592476489;0,1149425287;0,1692789969;0,0459770115;0,4231974922;908;0,8964757709;814;94
8425090;"08425090 Obermarchtal";"Obermarchtal";"Ehingen";"65 Ehingen";1242;932;655;0,7027896996;0,1344667697;0,4967793881;0,5032206119;0,9726247987;0,229468599;0,615942029;0,154589372;32;0;939;625;0,6656017039;0,2297734628;0,5177993528;0,1197411003;0,5103720777;0,1771634687;0,1922351603;0,0376418116;0;0,3181369174;0,6553323029;0,1097372488;0,1344667697;0,0200927357;0,5208655332;586;0,9744027304;571;15
8425091;"08425091 Oberstadion";"Oberstadion";"Ehingen";"65 Ehingen";1555;1192;783;0,6568791946;0,1077922078;0,5234726688;0,4752411576;0,9652733119;0,2051446945;0,6546623794;0,1389067524;34;1;1146;801;0,6989528796;0,1717171717;0,529040404;0,1477272727;0,5103720777;0,1771634687;0,1922351603;0,0376418116;0;0,3181369174;0,6506493506;0,1155844156;0,1077922078;0,0363636364;0,5350649351;680;0,9691176471;659;21
8425097;"08425097 Rammingen";"Rammingen";"Ehingen";"65 Ehingen";1262;954;585;0,6132075472;0,1643598616;0,5253565769;0,4746434231;0,9643423138;0,1877971474;0,6442155309;0,1679873217;34;0;964;616;0,6390041494;0,2397372742;0,39408867;0,170771757;0,5103720777;0,1771634687;0,1922351603;0,0376418116;0;0,3181369174;0,5121107266;0,1833910035;0,1643598616;0,0276816609;0,3287197232;606;0,7920792079;480;126
8425110;"08425110 Schnürpflingen";"Schnürpflingen";"Ulm";"64 Ulm";1338;1009;639;0,6333002973;0,1755233494;0,4977578475;0,5022421525;0,9529147982;0,1965620329;0,6591928251;0,144245142;30;0;1027;653;0,6358325219;0,2488479263;0,3901689708;0,1367127496;0,3857039043;0,2391755302;0,2471956134;0,0405892845;0;0,1385082909;0,4782608696;0,2012882448;0,1755233494;0,0322061192;0,2769726248;605;0,8297520661;502;103
8425130;"08425130 Weidenstetten";"Weidenstetten";"Ehingen";"65 Ehingen";1286;947;656;0,6927138332;0,1926605505;0,4953343701;0,5046656299;0,9362363919;0,2068429238;0,5940902022;0,199066874;32;1;997;659;0,6609829488;0,2780337942;0,331797235;0,1443932412;0,5103720777;0,1771634687;0,1922351603;0,0376418116;0;0,3181369174;0,5091743119;0,1819571865;0,1926605505;0,0397553517;0,3165137615;576;0,9565972222;551;25
8426043;"08426043 Erlenmoos";"Erlenmoos";"Biberach";"66 Biberach";1683;1233;805;0,6528791565;0,1344221106;0,5127748069;0,4884135472;0,9560308972;0,229352347;0,6209150327;0,1509209745;7;1;1267;968;0,7640094712;0,2476586889;0,406867846;0,1675338189;0,5074506052;0,1696039835;0,1879024247;0,0448262752;0;0,3195481806;0,5552763819;0,1645728643;0,1344221106;0,0427135678;0,3907035176;772;0,8626943005;666;106
8426109;"08426109 Seekirch";"Seekirch";"Biberach";"66 Biberach";289;206;148;0,7184466019;0,1172413793;0,4982698962;0,5017301038;0,9896193772;0,2456747405;0,6089965398;0,1453287197;19;1;207;147;0,7101449275;0,2653061224;0,4761904762;0,1292517007;0,5074506052;0,1696039835;0,1879024247;0,0448262752;0;0,3195481806;0,6827586207;0,1379310345;0,1172413793;0,0206896552;0,5448275862;123;0,9674796748;119;4
8426118;"08426118 Tiefenbach";"Tiefenbach";"Biberach";"66 Biberach";511;394;267;0,6776649746;0,1505791506;0,4931506849;0,5048923679;0,9745596869;0,2367906067;0,5929549902;0,168297456;19;0;390;258;0,6615384615;0,2588235294;0,3254901961;0,2156862745;0,5074506052;0,1696039835;0,1879024247;0,0448262752;0;0,3195481806;0,5096525097;0,1930501931;0,1505791506;0,0579150579;0,3166023166;237;0,9113924051;216;21
8426125;"08426125 Wain";"Wain";"Biberach";"66 Biberach";1531;1122;760;0,6773618538;0,1403743316;0,5140431091;0,4859568909;0,9353363815;0,2168517309;0,6244284781;0,158719791;7;0;1139;798;0,7006145742;0,246835443;0,3405063291;0,2025316456;0,5074506052;0,1696039835;0,1879024247;0,0448262752;0;0,3195481806;0,4893048128;0,1310160428;0,1403743316;0,0628342246;0,3489304813;686;0,8804664723;604;82
8435010;"08435010 Daisendorf";"Daisendorf";"Bodensee";"67 Bodensee";1547;1203;923;0,7672485453;0,2751091703;0,4938590821;0,5054945055;0,930833872;0,1700064641;0,6121525533;0,2171945701;38;1;1195;941;0,7874476987;0,3661670236;0,2291220557;0,1434689507;0,3806836257;0,2036502457;0,2634350956;0,0696468759;0;0,1172485301;0,3679039301;0,2019650655;0,2751091703;0,0818777293;0,0927947598;863;0,6129779838;529;334
8435054;"08435054 Stetten";"Stetten";"Bodensee";"67 Bodensee";978;763;572;0,749672346;0,2915194346;0,4693251534;0,5306748466;0,9263803681;0,1666666667;0,618609407;0,2147239264;38;0;785;634;0,8076433121;0,3990461049;0,279809221;0,1208267091;0,3806836257;0,2036502457;0,2634350956;0,0696468759;0;0,1172485301;0,3886925795;0,2014134276;0,2915194346;0,0777385159;0,0971731449;593;0,7824620573;464;129
8436024;"08436024 Ebenweiler";"Ebenweiler";"Ravensburg";"69 Ravensburg";1201;910;555;0,6098901099;0,2637362637;0,5137385512;0,4870940883;0,9758534555;0,2214820983;0,6544546211;0,1248959201;15;1;911;587;0,6443468716;0,3167808219;0,2893835616;0,1746575342;0,4352986711;0,1746484325;0,2612953167;0,0428718875;0;0,1740033544;0,467032967;0,119047619;0,2637362637;0,0347985348;0,2032967033;487;0,8603696099;419;68
8436047;"08436047 Hoßkirch";"Hoßkirch";"Ravensburg";"69 Ravensburg";757;589;338;0,5738539898;0,2005988024;0,5151915456;0,4848084544;0,9762219287;0,1994715984;0,6459709379;0,1545574637;40;0;588;353;0,6003401361;0,340974212;0,3381088825;0,1203438395;0,4352986711;0,1746484325;0,2612953167;0,0428718875;0;0,1740033544;0,5389221557;0,1616766467;0,2005988024;0,0269461078;0,3383233533;370;0,7027027027;260;110
8436053;"08436053 Königseggwald";"Königseggwald";"Ravensburg";"69 Ravensburg";653;511;303;0,5929549902;0,22;0,5022970904;0,4977029096;0,9908116386;0,212863706;0,6003062787;0,1868300153;40;1;539;326;0,6048237477;0,3229813665;0,3354037267;0,1273291925;0,4352986711;0,1746484325;0,2612953167;0,0428718875;0;0,1740033544;0,5233333333;0,1266666667;0,22;0,01;0,3033333333;315;0,819047619;258;57
8436093;"08436093 Ebersbach-Musbach";"Ebersbach-Musbach";"Ravensburg";"69 Ravensburg";1686;1302;795;0,6105990783;0,2242268041;0,509489917;0,4911032028;0,9804270463;0,2135231317;0,6352313167;0,1518386714;15;0;1296;848;0,6543209877;0,3257756563;0,3412887828;0,1181384248;0,4352986711;0,1746484325;0,2612953167;0,0428718875;0;0,1740033544;0,4845360825;0,162371134;0,2242268041;0,0296391753;0,2603092784;750;0,8653333333;649;101
8437047;"08437047 Hettingen, Stadt";"Hettingen, Stadt";"Sigmaringen";"70 Sigmaringen";1824;1432;1114;0,7779329609;0,123534716;0,485745614;0,514254386;0,9720394737;0,1907894737;0,610745614;0,1984649123;17;0;1419;1112;0,7836504581;0,2778280543;0,479638009;0,0886877828;0,5018251491;0,1728853872;0,19300332;0,0494194209;0;0,3088218291;0,6807935077;0,1199278629;0,123534716;0,0279531109;0,5572587917;816;0,9105392157;743;73
8437102;"08437102 Schwenningen";"Schwenningen";"Sigmaringen";"70 Sigmaringen";1623;1258;940;0,747217806;0,1266233766;0,5095502157;0,4904497843;0,9691928527;0,2039433148;0,6056685151;0,1903881701;17;1;1236;958;0,7750809061;0,2705263158;0,4063157895;0,1589473684;0,5018251491;0,1728853872;0,19300332;0,0494194209;0;0,3088218291;0,5952380952;0,1504329004;0,1266233766;0,0367965368;0,4448051948;756;0,9735449735;736;20
